{"cameraMode":{"drawMode":0,"name":"Shaded","section":"Shading Mode"},"sceneLighting":false,"audioPlay":false,"sceneViewState":{"showFog":true,"showMaterialUpdate":true,"showSkybox":true,"showFlares":true,"showImageEffects":true,"showParticleSystems":true},"in2DMode":false,"pivot":{"x":5.809999942779541,"y":15.90999984741211,"z":-11.489999771118164},"rotation":{"x":0.15041743218898774,"y":0.6267663240432739,"z":-0.1249481737613678,"w":0.7542986273765564},"size":22.762060165405275,"orthographic":false}