{"cameraMode":{"drawMode":0,"name":"Shaded","section":"Shading Mode"},"sceneLighting":true,"audioPlay":false,"sceneViewState":{"showFog":true,"showMaterialUpdate":true,"showSkybox":true,"showFlares":true,"showImageEffects":true,"showParticleSystems":true},"in2DMode":false,"pivot":{"x":-60.16987228393555,"y":0.7596628665924072,"z":-10.474096298217774},"rotation":{"x":0.11308880150318146,"y":-0.035760533064603809,"z":0.004073469899594784,"w":0.9929860830307007},"size":14.008613586425782,"orthographic":false}