{"cameraMode":{"drawMode":0,"name":"Shaded","section":"Shading Mode"},"sceneLighting":true,"audioPlay":false,"sceneViewState":{"showFog":true,"showMaterialUpdate":true,"showSkybox":true,"showFlares":true,"showImageEffects":true,"showParticleSystems":true},"in2DMode":false,"pivot":{"x":-15.50595760345459,"y":2.7788894176483156,"z":-4.200645923614502},"rotation":{"x":0.12802103161811829,"y":-0.2557772994041443,"z":0.03420159965753555,"w":0.9576372504234314},"size":23.95404624938965,"orthographic":false}