{"cameraMode":{"drawMode":0,"name":"Shaded","section":"Shading Mode"},"sceneLighting":false,"audioPlay":false,"sceneViewState":{"showFog":true,"showMaterialUpdate":true,"showSkybox":true,"showFlares":true,"showImageEffects":true,"showParticleSystems":true},"in2DMode":false,"pivot":{"x":3.3940773010253908,"y":52.174232482910159,"z":41.207740783691409},"rotation":{"x":-0.17671965062618257,"y":-0.24715577065944673,"z":0.04589394852519035,"w":-0.9516295194625855},"size":111.80806732177735,"orthographic":false}