{"cameraMode":{"drawMode":0,"name":"Shaded","section":"Shading Mode"},"sceneLighting":false,"audioPlay":false,"sceneViewState":{"showFog":false,"showMaterialUpdate":false,"showSkybox":false,"showFlares":false,"showImageEffects":false,"showParticleSystems":false},"in2DMode":false,"pivot":{"x":-14.850317001342774,"y":1.0919948816299439,"z":-7.680322647094727},"rotation":{"x":0.036692578345537189,"y":-0.3379403054714203,"z":0.013186276890337468,"w":0.9403613805770874},"size":2.679568290710449,"orthographic":true}