{"cameraMode":{"drawMode":0,"name":"Shaded","section":"Shading Mode"},"sceneLighting":false,"audioPlay":false,"sceneViewState":{"showFog":true,"showMaterialUpdate":true,"showSkybox":true,"showFlares":true,"showImageEffects":true,"showParticleSystems":true},"in2DMode":false,"pivot":{"x":11.28148078918457,"y":4.173727512359619,"z":-3.645418167114258},"rotation":{"x":-0.4217047691345215,"y":0.2900674641132355,"z":-0.14446252584457398,"w":-0.8468872904777527},"size":55.1825065612793,"orthographic":false}