{"cameraMode":{"drawMode":0,"name":"Shaded","section":"Shading Mode"},"sceneLighting":true,"audioPlay":false,"sceneViewState":{"showFog":true,"showMaterialUpdate":true,"showSkybox":true,"showFlares":true,"showImageEffects":true,"showParticleSystems":true},"in2DMode":false,"pivot":{"x":-3.679800033569336,"y":-15.88803482055664,"z":96.29390716552735},"rotation":{"x":0.1426762342453003,"y":0.0563848651945591,"z":-0.008142039179801941,"w":0.9881396293640137},"size":215.35768127441407,"orthographic":false}