{"cameraMode":{"drawMode":0,"name":"Shaded","section":"Shading Mode"},"sceneLighting":true,"audioPlay":false,"sceneViewState":{"showFog":false,"showMaterialUpdate":false,"showSkybox":false,"showFlares":false,"showImageEffects":false,"showParticleSystems":false},"in2DMode":false,"pivot":{"x":-9.129456520080567,"y":33.57293701171875,"z":8.978790283203125},"rotation":{"x":-0.38347330689430239,"y":0.10056154429912567,"z":-0.04205428063869476,"w":-0.9172139763832092},"size":47.52117919921875,"orthographic":false}