{"cameraMode":{"drawMode":0,"name":"Shaded","section":"Shading Mode"},"sceneLighting":false,"audioPlay":false,"sceneViewState":{"showFog":true,"showMaterialUpdate":true,"showSkybox":true,"showFlares":true,"showImageEffects":true,"showParticleSystems":true},"in2DMode":false,"pivot":{"x":2.050609827041626,"y":5.466487407684326,"z":10.118812561035157},"rotation":{"x":0.0008518234244547784,"y":0.9898478388786316,"z":-0.14201579988002778,"w":0.00593933742493391},"size":22.0,"orthographic":true}