{"cameraMode":{"drawMode":0,"name":"Shaded","section":"Shading Mode"},"sceneLighting":true,"audioPlay":false,"sceneViewState":{"showFog":true,"showMaterialUpdate":true,"showSkybox":true,"showFlares":true,"showImageEffects":true,"showParticleSystems":true},"in2DMode":false,"pivot":{"x":-30.510679244995118,"y":-1.3539491891860963,"z":-1.731186032295227},"rotation":{"x":0.15786875784397126,"y":0.2602977454662323,"z":-0.043181292712688449,"w":0.95160973072052},"size":22.052766799926759,"orthographic":false}