{"cameraMode":{"drawMode":0,"name":"Shaded","section":"Shading Mode"},"sceneLighting":true,"audioPlay":false,"sceneViewState":{"showFog":true,"showMaterialUpdate":true,"showSkybox":true,"showFlares":true,"showImageEffects":true,"showParticleSystems":true},"in2DMode":false,"pivot":{"x":35.74871063232422,"y":9.371828079223633,"z":11.71484661102295},"rotation":{"x":-0.11901471763849259,"y":0.8267552256584168,"z":-0.19079698622226716,"w":-0.5156870484352112},"size":36.46036148071289,"orthographic":false}