{"cameraMode":{"drawMode":0,"name":"Shaded","section":"Shading Mode"},"sceneLighting":false,"audioPlay":false,"sceneViewState":{"showFog":true,"showMaterialUpdate":true,"showSkybox":true,"showFlares":true,"showImageEffects":true,"showParticleSystems":true},"in2DMode":false,"pivot":{"x":4.011824607849121,"y":2.576786994934082,"z":5.812162399291992},"rotation":{"x":0.11049335449934006,"y":-0.4650104343891144,"z":0.0586322546005249,"w":0.8764623403549194},"size":5.34250545501709,"orthographic":false}