{"cameraMode":{"drawMode":0,"name":"Shaded","section":"Shading Mode"},"sceneLighting":true,"audioPlay":false,"sceneViewState":{"showFog":true,"showMaterialUpdate":true,"showSkybox":true,"showFlares":true,"showImageEffects":true,"showParticleSystems":true},"in2DMode":false,"pivot":{"x":24.942489624023439,"y":3.8176794052124025,"z":3.5520143508911135},"rotation":{"x":-0.1544819176197052,"y":-0.3430277407169342,"z":0.05759422853589058,"w":-0.9249244332313538},"size":13.637453079223633,"orthographic":false}