{"cameraMode":{"drawMode":0,"name":"Shaded","section":"Shading Mode"},"sceneLighting":true,"audioPlay":false,"sceneViewState":{"showFog":true,"showMaterialUpdate":true,"showSkybox":true,"showFlares":true,"showImageEffects":true,"showParticleSystems":true},"in2DMode":false,"pivot":{"x":4.140101432800293,"y":5.08232307434082,"z":2.829874038696289},"rotation":{"x":-0.1509074866771698,"y":0.0643024668097496,"z":-0.009838665835559368,"w":-0.9864112734794617},"size":35.01857376098633,"orthographic":false}