{"cameraMode":{"drawMode":0,"name":"Shaded","section":"Shading Mode"},"sceneLighting":false,"audioPlay":false,"sceneViewState":{"showFog":true,"showMaterialUpdate":true,"showSkybox":true,"showFlares":true,"showImageEffects":true,"showParticleSystems":true},"in2DMode":false,"pivot":{"x":-14.28567123413086,"y":3.5292177200317385,"z":-3.068843364715576},"rotation":{"x":-0.15800675749778748,"y":0.12171019613742829,"z":-0.01962127536535263,"w":-0.9797282218933106},"size":1.2649292945861817,"orthographic":false}