{"cameraMode":{"drawMode":0,"name":"Shaded","section":"Shading Mode"},"sceneLighting":true,"audioPlay":false,"sceneViewState":{"showFog":true,"showMaterialUpdate":true,"showSkybox":true,"showFlares":true,"showImageEffects":true,"showParticleSystems":true},"in2DMode":false,"pivot":{"x":23.115745544433595,"y":6.347604751586914,"z":5.998976707458496},"rotation":{"x":-0.307997465133667,"y":0.14937546849250794,"z":-0.04891066998243332,"w":-0.9384762644767761},"size":49.23714065551758,"orthographic":false}