{"cameraMode":{"drawMode":0,"name":"Shaded","section":"Shading Mode"},"sceneLighting":false,"audioPlay":false,"sceneViewState":{"showFog":true,"showMaterialUpdate":true,"showSkybox":true,"showFlares":true,"showImageEffects":true,"showParticleSystems":true},"in2DMode":false,"pivot":{"x":3.691096305847168,"y":1.5999999046325684,"z":1.4283552169799805},"rotation":{"x":0.11546338349580765,"y":-0.3813314735889435,"z":0.04807038977742195,"w":0.9159443378448486},"size":3.6704206466674806,"orthographic":false}