{"cameraMode":{"drawMode":0,"name":"Shaded","section":"Shading Mode"},"sceneLighting":true,"audioPlay":false,"sceneViewState":{"showFog":true,"showMaterialUpdate":true,"showSkybox":true,"showFlares":true,"showImageEffects":true,"showParticleSystems":true},"in2DMode":false,"pivot":{"x":50.138954162597659,"y":34.556800842285159,"z":1.6271384954452515},"rotation":{"x":0.45221176743507388,"y":-0.1931394785642624,"z":0.10022372007369995,"w":0.865156888961792},"size":46.03483200073242,"orthographic":false}