{"cameraMode":{"drawMode":0,"name":"Shaded","section":"Shading Mode"},"sceneLighting":false,"audioPlay":false,"sceneViewState":{"showFog":true,"showMaterialUpdate":true,"showSkybox":true,"showFlares":true,"showImageEffects":true,"showParticleSystems":true},"in2DMode":false,"pivot":{"x":3.257565498352051,"y":1.426884651184082,"z":1.4984925985336304},"rotation":{"x":0.14878423511981965,"y":-0.30178505182266238,"z":0.04774172231554985,"w":0.9404935240745544},"size":4.541121482849121,"orthographic":false}