{"cameraMode":{"drawMode":0,"name":"Shaded","section":"Shading Mode"},"sceneLighting":true,"audioPlay":false,"sceneViewState":{"showFog":true,"showMaterialUpdate":true,"showSkybox":true,"showFlares":true,"showImageEffects":true,"showParticleSystems":true},"in2DMode":false,"pivot":{"x":27.860694885253908,"y":0.2902076244354248,"z":11.132251739501954},"rotation":{"x":-0.27481716871261599,"y":0.13250897824764253,"z":-0.038144104182720187,"w":-0.9517172574996948},"size":21.13673973083496,"orthographic":false}