{"cameraMode":{"drawMode":0,"name":"Shaded","section":"Shading Mode"},"sceneLighting":true,"audioPlay":false,"sceneViewState":{"showFog":true,"showMaterialUpdate":true,"showSkybox":true,"showFlares":true,"showImageEffects":true,"showParticleSystems":true},"in2DMode":false,"pivot":{"x":6.538826942443848,"y":1.506793737411499,"z":-4.151699542999268},"rotation":{"x":-0.13488301634788514,"y":-0.016080796718597413,"z":0.0021369196474552156,"w":-0.990756094455719},"size":11.404827117919922,"orthographic":false}