{"cameraMode":{"drawMode":0,"name":"Shaded","section":"Shading Mode"},"sceneLighting":false,"audioPlay":false,"sceneViewState":{"showFog":true,"showMaterialUpdate":true,"showSkybox":true,"showFlares":true,"showImageEffects":true,"showParticleSystems":true},"in2DMode":false,"pivot":{"x":-14.428207397460938,"y":2.9869918823242189,"z":-3.1822190284729006},"rotation":{"x":-0.08008390665054321,"y":0.32767924666404726,"z":-0.027878593653440477,"w":-0.9409924149513245},"size":2.6178009510040285,"orthographic":false}