{"cameraMode":{"drawMode":0,"name":"Shaded","section":"Shading Mode"},"sceneLighting":false,"audioPlay":false,"sceneViewState":{"showFog":true,"showMaterialUpdate":true,"showSkybox":true,"showFlares":true,"showImageEffects":true,"showParticleSystems":true},"in2DMode":false,"pivot":{"x":1031.1336669921875,"y":749.47021484375,"z":-470.99591064453127},"rotation":{"x":0.13031122088432313,"y":-0.7799451947212219,"z":0.17309963703155518,"w":0.5871495008468628},"size":3.5841598510742189,"orthographic":false}