{"cameraMode":{"drawMode":0,"name":"Shaded","section":"Shading Mode"},"sceneLighting":true,"audioPlay":false,"sceneViewState":{"showFog":true,"showMaterialUpdate":true,"showSkybox":true,"showFlares":true,"showImageEffects":true,"showParticleSystems":true},"in2DMode":false,"pivot":{"x":18.578004837036134,"y":38.70659255981445,"z":50.40939712524414},"rotation":{"x":0.04931666702032089,"y":0.08111335337162018,"z":-0.004005670081824064,"w":0.9954921007156372},"size":3.393688440322876,"orthographic":true}