{"cameraMode":{"drawMode":0,"name":"Shaded","section":"Shading Mode"},"sceneLighting":true,"audioPlay":false,"sceneViewState":{"showFog":true,"showMaterialUpdate":true,"showSkybox":true,"showFlares":true,"showImageEffects":true,"showParticleSystems":true},"in2DMode":false,"pivot":{"x":1087.76953125,"y":761.8612670898438,"z":-436.4692687988281},"rotation":{"x":0.4095923602581024,"y":-0.060688961297273639,"z":0.027317173779010774,"w":0.9098483324050903},"size":285.6001892089844,"orthographic":false}