{"cameraMode":{"drawMode":0,"name":"Shaded","section":"Shading Mode"},"sceneLighting":true,"audioPlay":false,"sceneViewState":{"showFog":true,"showMaterialUpdate":true,"showSkybox":true,"showFlares":true,"showImageEffects":true,"showParticleSystems":true},"in2DMode":false,"pivot":{"x":27.502023696899415,"y":5.971404075622559,"z":11.190898895263672},"rotation":{"x":-0.22468917071819306,"y":0.11718380451202393,"z":-0.027230154722929,"w":-0.9669824838638306},"size":13.224690437316895,"orthographic":false}