{"cameraMode":{"drawMode":0,"name":"Shaded","section":"Shading Mode"},"sceneLighting":false,"audioPlay":false,"sceneViewState":{"showFog":true,"showMaterialUpdate":true,"showSkybox":true,"showFlares":true,"showImageEffects":true,"showParticleSystems":true},"in2DMode":false,"pivot":{"x":-89.47405242919922,"y":2.500000238418579,"z":-11.712486267089844},"rotation":{"x":-0.30650806427001955,"y":-0.3100966811180115,"z":0.10612192004919052,"w":-0.8937438726425171},"size":38.836395263671878,"orthographic":false}