{"cameraMode":{"drawMode":0,"name":"Shaded","section":"Shading Mode"},"sceneLighting":true,"audioPlay":false,"sceneViewState":{"showFog":true,"showMaterialUpdate":true,"showSkybox":true,"showFlares":true,"showImageEffects":true,"showParticleSystems":true},"in2DMode":false,"pivot":{"x":24.67739486694336,"y":4.946265697479248,"z":6.089300155639648},"rotation":{"x":0.09458177536725998,"y":-0.1799885332584381,"z":0.01735091395676136,"w":0.9790774583816528},"size":16.817224502563478,"orthographic":false}