{"cameraMode":{"drawMode":0,"name":"Shaded","section":"Shading Mode"},"sceneLighting":true,"audioPlay":false,"sceneViewState":{"showFog":true,"showMaterialUpdate":true,"showSkybox":true,"showFlares":true,"showImageEffects":true,"showParticleSystems":true},"in2DMode":false,"pivot":{"x":-0.3227335214614868,"y":7.254581928253174,"z":6.0776262283325199},"rotation":{"x":-0.05000420659780502,"y":0.22193549573421479,"z":-0.01140239555388689,"w":-0.9737204909324646},"size":4.341658592224121,"orthographic":false}