{"cameraMode":{"drawMode":0,"name":"Shaded","section":"Shading Mode"},"sceneLighting":true,"audioPlay":false,"sceneViewState":{"showFog":true,"showMaterialUpdate":true,"showSkybox":true,"showFlares":true,"showImageEffects":true,"showParticleSystems":true},"in2DMode":false,"pivot":{"x":24.30381202697754,"y":5.829999923706055,"z":9.156707763671875},"rotation":{"x":-0.26903530955314639,"y":0.5819763541221619,"z":-0.2123129516839981,"w":-0.7374618649482727},"size":13.224690437316895,"orthographic":false}