{"cameraMode":{"drawMode":0,"name":"Shaded","section":"Shading Mode"},"sceneLighting":false,"audioPlay":false,"sceneViewState":{"showFog":true,"showMaterialUpdate":true,"showSkybox":true,"showFlares":true,"showImageEffects":true,"showParticleSystems":true},"in2DMode":false,"pivot":{"x":3.050610065460205,"y":2.2100000381469728,"z":9.111627578735352},"rotation":{"x":0.23883388936519624,"y":-0.14357686042785645,"z":0.03574072942137718,"w":0.9597474336624146},"size":4.083406925201416,"orthographic":false}