{"cameraMode":{"drawMode":0,"name":"Shaded","section":"Shading Mode"},"sceneLighting":false,"audioPlay":false,"sceneViewState":{"showFog":true,"showMaterialUpdate":true,"showSkybox":true,"showFlares":true,"showImageEffects":true,"showParticleSystems":true},"in2DMode":false,"pivot":{"x":-14.480157852172852,"y":1.6000001430511475,"z":-7.350949287414551},"rotation":{"x":-0.10938069224357605,"y":0.4322764277458191,"z":-0.05291713774204254,"w":-0.893518328666687},"size":3.715247631072998,"orthographic":false}