{"cameraMode":{"drawMode":0,"name":"Shaded","section":"Shading Mode"},"sceneLighting":true,"audioPlay":false,"sceneViewState":{"showFog":false,"showMaterialUpdate":false,"showSkybox":false,"showFlares":false,"showImageEffects":false,"showParticleSystems":false},"in2DMode":false,"pivot":{"x":14.288126945495606,"y":-0.276730477809906,"z":3.441751003265381},"rotation":{"x":-0.4592602550983429,"y":0.3634107708930969,"z":-0.21353395283222199,"w":-0.7821335792541504},"size":34.03214645385742,"orthographic":false}