{"cameraMode":{"drawMode":0,"name":"Shaded","section":"Shading Mode"},"sceneLighting":true,"audioPlay":false,"sceneViewState":{"showFog":true,"showMaterialUpdate":true,"showSkybox":true,"showFlares":true,"showImageEffects":true,"showParticleSystems":true},"in2DMode":false,"pivot":{"x":4.653748512268066,"y":-4.751522064208984,"z":4.97390079498291},"rotation":{"x":-0.3284364938735962,"y":0.4668736755847931,"z":-0.19161202013492585,"w":-0.7985926866531372},"size":57.57136917114258,"orthographic":false}