{"cameraMode":{"drawMode":0,"name":"Shaded","section":"Shading Mode"},"sceneLighting":true,"audioPlay":false,"sceneViewState":{"showFog":false,"showMaterialUpdate":false,"showSkybox":false,"showFlares":false,"showImageEffects":false,"showParticleSystems":false},"in2DMode":false,"pivot":{"x":9.340211868286133,"y":-6.097011566162109,"z":9.451835632324219},"rotation":{"x":-0.43334484100341799,"y":-0.045393332839012149,"z":0.02186025120317936,"w":-0.8998251557350159},"size":53.596439361572269,"orthographic":false}