{"cameraMode":{"drawMode":0,"name":"Shaded","section":"Shading Mode"},"sceneLighting":true,"audioPlay":false,"sceneViewState":{"showFog":true,"showMaterialUpdate":true,"showSkybox":true,"showFlares":true,"showImageEffects":true,"showParticleSystems":true},"in2DMode":false,"pivot":{"x":10.225530624389649,"y":6.4715166091918949,"z":20.954620361328126},"rotation":{"x":-0.3471331298351288,"y":-0.06855405122041702,"z":0.02546142414212227,"w":-0.9349802136421204},"size":16.84052276611328,"orthographic":true}