{"cameraMode":{"drawMode":0,"name":"Shaded","section":"Shading Mode"},"sceneLighting":false,"audioPlay":false,"sceneViewState":{"showFog":true,"showMaterialUpdate":true,"showSkybox":true,"showFlares":true,"showImageEffects":true,"showParticleSystems":true},"in2DMode":false,"pivot":{"x":3.9471330642700197,"y":1.47798490524292,"z":5.937292575836182},"rotation":{"x":0.30496254563331606,"y":-0.0014289547689259053,"z":0.00045840308303013444,"w":0.9523683190345764},"size":3.7087395191192629,"orthographic":false}