{"cameraMode":{"drawMode":0,"name":"Shaded","section":"Shading Mode"},"sceneLighting":true,"audioPlay":false,"sceneViewState":{"showFog":true,"showMaterialUpdate":true,"showSkybox":true,"showFlares":true,"showImageEffects":true,"showParticleSystems":true},"in2DMode":false,"pivot":{"x":176.9119110107422,"y":93.83856201171875,"z":105.7110595703125},"rotation":{"x":-0.0036006609443575145,"y":0.029995333403348924,"z":0.00010935623140539974,"w":0.9995533227920532},"size":344.2501525878906,"orthographic":false}