{"cameraMode":{"drawMode":0,"name":"Shaded","section":"Shading Mode"},"sceneLighting":true,"audioPlay":false,"sceneViewState":{"showFog":true,"showMaterialUpdate":true,"showSkybox":true,"showFlares":true,"showImageEffects":true,"showParticleSystems":true},"in2DMode":false,"pivot":{"x":-5.634145736694336,"y":3.398512840270996,"z":-10.285582542419434},"rotation":{"x":-0.2808525264263153,"y":0.3470938503742218,"z":-0.10978459566831589,"w":-0.88804692029953},"size":11.946220397949219,"orthographic":false}