{"cameraMode":{"drawMode":0,"name":"Shaded","section":"Shading Mode"},"sceneLighting":false,"audioPlay":false,"sceneViewState":{"showFog":true,"showMaterialUpdate":true,"showSkybox":true,"showFlares":true,"showImageEffects":true,"showParticleSystems":true},"in2DMode":false,"pivot":{"x":3.9471330642700197,"y":3.141494035720825,"z":5.937294006347656},"rotation":{"x":0.5215345621109009,"y":-0.3095236122608185,"z":0.21056927740573884,"w":0.7667611241340637},"size":3.2786202430725099,"orthographic":false}