{"cameraMode":{"drawMode":0,"name":"Shaded","section":"Shading Mode"},"sceneLighting":false,"audioPlay":false,"sceneViewState":{"showFog":true,"showMaterialUpdate":true,"showSkybox":true,"showFlares":true,"showImageEffects":true,"showParticleSystems":true},"in2DMode":false,"pivot":{"x":5.045965194702148,"y":-2.5525217056274416,"z":-0.07260251045227051},"rotation":{"x":-0.47044113278388979,"y":0.3954933285713196,"z":-0.24853523075580598,"w":-0.7487030029296875},"size":34.550994873046878,"orthographic":false}