{"cameraMode":{"drawMode":0,"name":"Shaded","section":"Shading Mode"},"sceneLighting":true,"audioPlay":false,"sceneViewState":{"showFog":true,"showMaterialUpdate":true,"showSkybox":true,"showFlares":true,"showImageEffects":true,"showParticleSystems":true},"in2DMode":false,"pivot":{"x":-89.06251525878906,"y":-1.2944973707199097,"z":-10.283992767333985},"rotation":{"x":-0.273242324590683,"y":-0.21088208258152009,"z":0.06131095066666603,"w":-0.9366233348846436},"size":22.973459243774415,"orthographic":false}