{"cameraMode":{"drawMode":0,"name":"Shaded","section":"Shading Mode"},"sceneLighting":true,"audioPlay":false,"sceneViewState":{"showFog":true,"showMaterialUpdate":true,"showSkybox":true,"showFlares":true,"showImageEffects":true,"showParticleSystems":true},"in2DMode":false,"pivot":{"x":-34.42619705200195,"y":3.977177858352661,"z":-16.92572784423828},"rotation":{"x":0.2559150457382202,"y":-0.22651661932468415,"z":0.06180704012513161,"w":0.9378068447113037},"size":6.4383416175842289,"orthographic":false}