{"cameraMode":{"drawMode":0,"name":"Shaded","section":"Shading Mode"},"sceneLighting":true,"audioPlay":false,"sceneViewState":{"showFog":true,"showMaterialUpdate":true,"showSkybox":true,"showFlares":true,"showImageEffects":true,"showParticleSystems":true},"in2DMode":false,"pivot":{"x":-17.59705352783203,"y":7.009878158569336,"z":-11.287817001342774},"rotation":{"x":0.12004800885915756,"y":-0.15392190217971803,"z":0.018814917653799058,"w":0.9806198477745056},"size":33.896514892578128,"orthographic":false}