{"cameraMode":{"drawMode":0,"name":"Shaded","section":"Shading Mode"},"sceneLighting":true,"audioPlay":false,"sceneViewState":{"showFog":true,"showMaterialUpdate":true,"showSkybox":true,"showFlares":true,"showImageEffects":true,"showParticleSystems":true},"in2DMode":false,"pivot":{"x":0.03147411346435547,"y":0.6321930885314941,"z":-0.3768010139465332},"rotation":{"x":0.05987093225121498,"y":-0.9217066168785095,"z":0.15803472697734834,"w":0.3491506576538086},"size":2.212716817855835,"orthographic":false}