{"cameraMode":{"drawMode":0,"name":"Shaded","section":"Shading Mode"},"sceneLighting":false,"audioPlay":false,"sceneViewState":{"showFog":true,"showMaterialUpdate":true,"showSkybox":true,"showFlares":true,"showImageEffects":true,"showParticleSystems":true},"in2DMode":false,"pivot":{"x":950.0999755859375,"y":724.0999755859375,"z":-381.79998779296877},"rotation":{"x":0.2705838680267334,"y":-0.44222980737686159,"z":0.14190295338630677,"w":0.8432589769363403},"size":4.041658401489258,"orthographic":true}