{"cameraMode":{"drawMode":0,"name":"Shaded","section":"Shading Mode"},"sceneLighting":true,"audioPlay":false,"sceneViewState":{"showFog":false,"showMaterialUpdate":false,"showSkybox":false,"showFlares":false,"showImageEffects":false,"showParticleSystems":false},"in2DMode":false,"pivot":{"x":8.05027961730957,"y":5.797318458557129,"z":-5.631640434265137},"rotation":{"x":0.5540431141853333,"y":-0.42182278633117678,"z":0.3864172101020813,"w":0.6048265099525452},"size":37.45721435546875,"orthographic":false}