{"cameraMode":{"drawMode":0,"name":"Shaded","section":"Shading Mode"},"sceneLighting":false,"audioPlay":false,"sceneViewState":{"showFog":true,"showMaterialUpdate":true,"showSkybox":true,"showFlares":true,"showImageEffects":true,"showParticleSystems":true},"in2DMode":false,"pivot":{"x":-0.1389007568359375,"y":2.321573257446289,"z":0.08931621164083481},"rotation":{"x":0.001873704488389194,"y":-0.9948988556861877,"z":0.018804214894771577,"w":0.09911549836397171},"size":3.7510311603546144,"orthographic":false}