{"cameraMode":{"drawMode":0,"name":"Shaded","section":"Shading Mode"},"sceneLighting":false,"audioPlay":false,"sceneViewState":{"showFog":true,"showMaterialUpdate":true,"showSkybox":true,"showFlares":true,"showImageEffects":true,"showParticleSystems":true},"in2DMode":false,"pivot":{"x":-8.502969741821289,"y":5.804217338562012,"z":-8.08944320678711},"rotation":{"x":-0.27741971611976626,"y":0.7096897959709168,"z":-0.3708491623401642,"w":-0.530947744846344},"size":15.286181449890137,"orthographic":false}