{"cameraMode":{"drawMode":0,"name":"Shaded","section":"Shading Mode"},"sceneLighting":true,"audioPlay":false,"sceneViewState":{"showFog":true,"showMaterialUpdate":true,"showSkybox":true,"showFlares":true,"showImageEffects":true,"showParticleSystems":true},"in2DMode":false,"pivot":{"x":5.447839260101318,"y":-1.229039192199707,"z":1.9605140686035157},"rotation":{"x":0.32845935225486758,"y":-0.02691430039703846,"z":0.009378137066960335,"w":0.9440995454788208},"size":23.718799591064454,"orthographic":false}