{"cameraMode":{"drawMode":0,"name":"Shaded","section":"Shading Mode"},"sceneLighting":false,"audioPlay":false,"sceneViewState":{"showFog":true,"showMaterialUpdate":true,"showSkybox":true,"showFlares":true,"showImageEffects":true,"showParticleSystems":true},"in2DMode":false,"pivot":{"x":3.9471330642700197,"y":3.141494035720825,"z":5.937294006347656},"rotation":{"x":0.2135131061077118,"y":-0.1873961240053177,"z":0.0417870432138443,"w":0.95792156457901},"size":8.28161907196045,"orthographic":false}