{"cameraMode":{"drawMode":0,"name":"Shaded","section":"Shading Mode"},"sceneLighting":true,"audioPlay":false,"sceneViewState":{"showFog":true,"showMaterialUpdate":true,"showSkybox":true,"showFlares":true,"showImageEffects":true,"showParticleSystems":true},"in2DMode":false,"pivot":{"x":3.3595938682556154,"y":1.8516857624053956,"z":-2.8350882530212404},"rotation":{"x":0.314846009016037,"y":0.33044761419296267,"z":-0.11796895414590836,"w":0.881918728351593},"size":4.679422855377197,"orthographic":true}