{"cameraMode":{"drawMode":0,"name":"Shaded","section":"Shading Mode"},"sceneLighting":false,"audioPlay":false,"sceneViewState":{"showFog":true,"showMaterialUpdate":true,"showSkybox":true,"showFlares":true,"showImageEffects":true,"showParticleSystems":true},"in2DMode":false,"pivot":{"x":3.9640591144561769,"y":48.44630813598633,"z":47.260894775390628},"rotation":{"x":0.018756592646241189,"y":0.9697245955467224,"z":-0.23053643107414246,"w":0.0790126770734787},"size":51.2229118347168,"orthographic":false}