{"cameraMode":{"drawMode":0,"name":"Shaded","section":"Shading Mode"},"sceneLighting":true,"audioPlay":false,"sceneViewState":{"showFog":true,"showMaterialUpdate":true,"showSkybox":true,"showFlares":true,"showImageEffects":true,"showParticleSystems":true},"in2DMode":false,"pivot":{"x":8.633031845092774,"y":43.39788055419922,"z":35.90180206298828},"rotation":{"x":-0.4951220452785492,"y":0.08624452352523804,"z":-0.04948638752102852,"w":-0.8631293773651123},"size":51.04051208496094,"orthographic":false}