{"cameraMode":{"drawMode":0,"name":"Shaded","section":"Shading Mode"},"sceneLighting":false,"audioPlay":false,"sceneViewState":{"showFog":true,"showMaterialUpdate":true,"showSkybox":true,"showFlares":true,"showImageEffects":true,"showParticleSystems":true},"in2DMode":false,"pivot":{"x":0.42244356870651247,"y":-0.107347771525383,"z":0.664804995059967},"rotation":{"x":0.0741121843457222,"y":-0.91874760389328,"z":0.32738327980041506,"w":0.20796392858028413},"size":3.7929880619049074,"orthographic":false}