{"cameraMode":{"drawMode":0,"name":"Shaded","section":"Shading Mode"},"sceneLighting":true,"audioPlay":false,"sceneViewState":{"showFog":true,"showMaterialUpdate":true,"showSkybox":true,"showFlares":true,"showImageEffects":true,"showParticleSystems":true},"in2DMode":false,"pivot":{"x":50.784088134765628,"y":173.04974365234376,"z":-48.74497985839844},"rotation":{"x":-0.03029567189514637,"y":-0.024889150634407998,"z":0.0007536918274126947,"w":-0.9992354512214661},"size":170.93768310546876,"orthographic":false}