{"cameraMode":{"drawMode":0,"name":"Shaded","section":"Shading Mode"},"sceneLighting":true,"audioPlay":false,"sceneViewState":{"showFog":true,"showMaterialUpdate":true,"showSkybox":true,"showFlares":true,"showImageEffects":true,"showParticleSystems":true},"in2DMode":false,"pivot":{"x":3.3940773010253908,"y":42.06550598144531,"z":41.207740783691409},"rotation":{"x":-0.23329348862171174,"y":0.4522918164730072,"z":-0.12386637926101685,"w":-0.8518590927124023},"size":31.26038360595703,"orthographic":false}