{"cameraMode":{"drawMode":0,"name":"Shaded","section":"Shading Mode"},"sceneLighting":true,"audioPlay":false,"sceneViewState":{"showFog":false,"showMaterialUpdate":false,"showSkybox":false,"showFlares":false,"showImageEffects":false,"showParticleSystems":false},"in2DMode":false,"pivot":{"x":16.595809936523439,"y":4.935860633850098,"z":-4.6397809982299809},"rotation":{"x":0.39676690101623537,"y":-0.47558772563934328,"z":0.25398820638656618,"w":0.742956280708313},"size":33.61335754394531,"orthographic":false}