{"cameraMode":{"drawMode":0,"name":"Shaded","section":"Shading Mode"},"sceneLighting":false,"audioPlay":false,"sceneViewState":{"showFog":true,"showMaterialUpdate":false,"showSkybox":true,"showFlares":true,"showImageEffects":true,"showParticleSystems":true},"in2DMode":false,"pivot":{"x":2.2552294731140138,"y":1.5140933990478516,"z":1.674838662147522},"rotation":{"x":-0.4517863094806671,"y":0.058298274874687198,"z":-0.029536191374063493,"w":-0.8898379802703857},"size":10.12159252166748,"orthographic":false}