{"cameraMode":{"drawMode":0,"name":"Shaded","section":"Shading Mode"},"sceneLighting":false,"audioPlay":false,"sceneViewState":{"showFog":true,"showMaterialUpdate":false,"showSkybox":true,"showFlares":true,"showImageEffects":true,"showParticleSystems":true},"in2DMode":false,"pivot":{"x":160.33657836914063,"y":182.49171447753907,"z":7.5302734375},"rotation":{"x":-0.13891632854938508,"y":0.0795457735657692,"z":-0.01109747588634491,"w":-0.9871481657028198},"size":154.72097778320313,"orthographic":false}