{"cameraMode":{"drawMode":0,"name":"Shaded","section":"Shading Mode"},"sceneLighting":true,"audioPlay":false,"sceneViewState":{"showFog":true,"showMaterialUpdate":false,"showSkybox":true,"showFlares":true,"showImageEffects":true,"showParticleSystems":true},"in2DMode":false,"pivot":{"x":-14.516560554504395,"y":2.1988396644592287,"z":-1.1619336605072022},"rotation":{"x":0.31109166145324709,"y":-0.07630250602960587,"z":0.02506582997739315,"w":0.946988046169281},"size":28.725019454956056,"orthographic":true}