{"cameraMode":{"drawMode":0,"name":"Shaded","section":"Shading Mode"},"sceneLighting":false,"audioPlay":false,"sceneViewState":{"showFog":true,"showMaterialUpdate":false,"showSkybox":true,"showFlares":true,"showImageEffects":true,"showParticleSystems":true},"in2DMode":false,"pivot":{"x":2.4126853942871095,"y":1.109836220741272,"z":1.621407389640808},"rotation":{"x":-0.46084144711494448,"y":-0.07174041867256165,"z":0.03746688738465309,"w":-0.8839098811149597},"size":7.392312049865723,"orthographic":false}