{"cameraMode":{"drawMode":0,"name":"Shaded","section":"Shading Mode"},"sceneLighting":true,"audioPlay":false,"sceneViewState":{"showFog":true,"showMaterialUpdate":false,"showSkybox":true,"showFlares":true,"showImageEffects":true,"showParticleSystems":true},"in2DMode":false,"pivot":{"x":-8.197955131530762,"y":6.175042152404785,"z":0.9228019118309021},"rotation":{"x":-0.4825176000595093,"y":0.11651976406574249,"z":-0.06494728475809097,"w":-0.8656719923019409},"size":34.16532897949219,"orthographic":true}