{"cameraMode":{"drawMode":0,"name":"Shaded","section":"Shading Mode"},"sceneLighting":true,"audioPlay":false,"sceneViewState":{"showFog":true,"showMaterialUpdate":false,"showSkybox":true,"showFlares":true,"showImageEffects":true,"showParticleSystems":true},"in2DMode":false,"pivot":{"x":14.576615333557129,"y":4.619999885559082,"z":22.637374877929689},"rotation":{"x":-0.21424207091331483,"y":-0.4991609752178192,"z":0.12874636054039002,"w":-0.8298182487487793},"size":6.910341262817383,"orthographic":false}