{"cameraMode":{"drawMode":0,"name":"Shaded","section":"Shading Mode"},"sceneLighting":true,"audioPlay":false,"sceneViewState":{"showFog":true,"showMaterialUpdate":false,"showSkybox":true,"showFlares":true,"showImageEffects":true,"showParticleSystems":true},"in2DMode":false,"pivot":{"x":-9.602832794189454,"y":-15.229341506958008,"z":20.157052993774415},"rotation":{"x":0.2745905816555023,"y":-0.38805755972862246,"z":0.12195262312889099,"w":0.8715344667434692},"size":70.01222229003906,"orthographic":false}