{"cameraMode":{"drawMode":0,"name":"Shaded","section":"Shading Mode"},"sceneLighting":false,"audioPlay":false,"sceneViewState":{"showFog":true,"showMaterialUpdate":false,"showSkybox":true,"showFlares":true,"showImageEffects":true,"showParticleSystems":true},"in2DMode":false,"pivot":{"x":-0.31189393997192385,"y":3.768828868865967,"z":-0.9023323059082031},"rotation":{"x":0.013916906900703907,"y":-0.9855437874794006,"z":0.13476590812206269,"w":0.10176821053028107},"size":3.113267421722412,"orthographic":true}