{"cameraMode":{"drawMode":0,"name":"Shaded","section":"Shading Mode"},"sceneLighting":false,"audioPlay":false,"sceneViewState":{"showFog":true,"showMaterialUpdate":false,"showSkybox":true,"showFlares":true,"showImageEffects":true,"showParticleSystems":true},"in2DMode":false,"pivot":{"x":6.62661600112915,"y":1.1423898935317994,"z":0.4497547149658203},"rotation":{"x":-0.38452160358428957,"y":-0.042857538908720019,"z":0.018053442239761354,"w":-0.9220708012580872},"size":5.694494247436523,"orthographic":false}