{"cameraMode":{"drawMode":0,"name":"Shaded","section":"Shading Mode"},"sceneLighting":false,"audioPlay":false,"sceneViewState":{"showFog":true,"showMaterialUpdate":false,"showSkybox":true,"showFlares":true,"showImageEffects":true,"showParticleSystems":true},"in2DMode":false,"pivot":{"x":0.1132771447300911,"y":0.3532220721244812,"z":-0.11288686841726303},"rotation":{"x":-0.009169667959213257,"y":-0.16632600128650666,"z":0.0015512870159000159,"w":-0.9860600829124451},"size":1.4060972929000855,"orthographic":true}