{"cameraMode":{"drawMode":0,"name":"Shaded","section":"Shading Mode"},"sceneLighting":true,"audioPlay":false,"sceneViewState":{"showFog":true,"showMaterialUpdate":false,"showSkybox":true,"showFlares":true,"showImageEffects":true,"showParticleSystems":true},"in2DMode":false,"pivot":{"x":63.18000030517578,"y":7.03000020980835,"z":55.45000076293945},"rotation":{"x":0.16865813732147218,"y":0.08529740571975708,"z":-0.014928306452929974,"w":0.9820838570594788},"size":14.572884559631348,"orthographic":false}