{"cameraMode":{"drawMode":0,"name":"Shaded","section":"Shading Mode"},"sceneLighting":true,"audioPlay":false,"sceneViewState":{"showFog":true,"showMaterialUpdate":false,"showSkybox":true,"showFlares":true,"showImageEffects":true,"showParticleSystems":true},"in2DMode":false,"pivot":{"x":-14.752999305725098,"y":4.986309051513672,"z":-11.043827056884766},"rotation":{"x":-0.4253542721271515,"y":0.03988776355981827,"z":-0.018769260495901109,"w":-0.903955340385437},"size":28.90379524230957,"orthographic":false}