{"cameraMode":{"drawMode":0,"name":"Shaded","section":"Shading Mode"},"sceneLighting":false,"audioPlay":false,"sceneViewState":{"showFog":true,"showMaterialUpdate":false,"showSkybox":true,"showFlares":true,"showImageEffects":true,"showParticleSystems":true},"in2DMode":false,"pivot":{"x":0.22539663314819337,"y":1.4644014835357667,"z":-0.625120222568512},"rotation":{"x":-0.06596842408180237,"y":-0.7608922719955444,"z":-0.07834671437740326,"w":0.6407565474510193},"size":4.082350254058838,"orthographic":false}