{"cameraMode":{"drawMode":0,"name":"Shaded","section":"Shading Mode"},"sceneLighting":false,"audioPlay":false,"sceneViewState":{"showFog":true,"showMaterialUpdate":false,"showSkybox":true,"showFlares":true,"showImageEffects":true,"showParticleSystems":true},"in2DMode":false,"pivot":{"x":359.4180603027344,"y":291.74005126953127,"z":71.60751342773438},"rotation":{"x":-0.13891632854938508,"y":0.0795457735657692,"z":-0.01109747588634491,"w":-0.9871481657028198},"size":679.5855712890625,"orthographic":false}