{"cameraMode":{"drawMode":0,"name":"Shaded","section":"Shading Mode"},"sceneLighting":false,"audioPlay":false,"sceneViewState":{"showFog":true,"showMaterialUpdate":false,"showSkybox":true,"showFlares":true,"showImageEffects":true,"showParticleSystems":true},"in2DMode":false,"pivot":{"x":15.459854125976563,"y":-3.1455774307250978,"z":7.6763081550598148},"rotation":{"x":-0.0993783175945282,"y":-0.5354323387145996,"z":0.062439367175102237,"w":-0.836707353591919},"size":22.220109939575197,"orthographic":false}